Too many girls,,ABBOTT George,1940 / USA, / RKO (Harry Edington + George Abbott),com. mus.,"Richard Carlson, Eddie Bracken, Desi Arnaz, Hal LeRoy, Harry Shannon, Douglas Walton, Chester Clute, Byron Shores, Van Johnson, Iron Eyes Cody, Chief John Big Tree, Jay Silverheels, ","Lucille Ball, Ann Miller, Frances Langford, Libby Bennett, Tiny Person, Ivy Scott, ","Bon+. Petit musical tiré de Broadway, à l'ambiance universitaire et footballistique infantile, faiblement écrit et joué sans grand enthousiasme par des acteurs sans charme, hormis Ball (qui rencontra ici son Arnaz). Peu intelligent et assez indigent, mais légèrement sympathique. Quelques jolies chansons dont une devenue célèbre.",John Twist
Pajama game (The),Pique-nique en pyjama,ABBOTT George + DONEN Stanley,1957 / USA, / WR (George Abbott + S. Donen + Frederick Brisson),com. mus.,"John Raitt, Eddie Foy Jr., Jack Straw, Ralph Dunn, Owen Martin, Jackie Kelk, Ralph W. Chambers, Buzz Miller, Kenneth LeRoy, Jack Waldron, Ralph Volkie, Franklyn Fox, William A. Forester, Peter Gennaro, Elmore Henderson, Fred Villani, Otis Griffith, ","Doris Day, Barbara Nichols, Reta Shaw, Carol Haney, Thelma Pelish, Mary Stanton, Kathy Marlowe, ",Bon.,George Abbott + Richard Bissell
Paris pieds nus,,ABEL Dominique + GORDON Fiona,2016 / F - Be, / Courage Mon Amour + Moteur S'il Vous Plaît + CG Cinéma (Dominique Abel + Fiona Gordon + Charles Gillibert + Christie Molia),com.,"Dominique Abel, Pierre Richard, David Palatino, Frédéric Meert, Guillaume Delvingt, Philippe Martz, Olivier Parenty, Fabrice Milich, Jean Loison","Fiona Gordon, Emmanuelle Riva, Emmy Boissard Paumelle, Céline Laurentie, Charlotte Dubery, ","B-. A tout le moins une curiosité, mais tout de même un peu plus : des moments délicats qui font penser à Etaix ou Tati, des idées plaisantes, de la poésie, du loufoque, mais aussi des coups de mou, des imprécisions. L’initiative est louable car elle nous sort des schémas habituels avec une fantaisie presque suffisante.",Dominique Abel + Fiona Gordon
This beautiful fantastic,Merveilleux jardin secret de Bella Brown (Le),ABOUD Simon,2016 / USA -UK, / Ipso Facto Prod. - Smudge Films - Constance Media (Christine Alderson + Monika Bacardi + Andrea Iervolino + Kami Naghdi),com. dr.,"Andrew Scott, Jeremy Irvine, Tom Wilkinson, Paul Blackwell,","Jessica Brown Findlay, Anna Chancellor, Sheila Hancock, Eileen Davies, Charlotte Asprey, ","Bon+B-. Une approche très british, avec des personnages complexés et excentriques, plein de morgue à l’occasion, sur une histoire à la base peu enthousiasmante, à la poésie assez artificielle. Mais, par la qualité des acteurs, un dialogue fin et élaboré, une lumière délicate, la poésie prend forme, si l’on veut bien faire abstraction de quelques longueurs. ",Simon Aboud
Dame de chez Maxim (La),,ABOULKER Marcel,1950 / F,MAIC-SNEG,com.,"Saturnin Fabre, Jacques Morel, Robert Vattier, Luc Andrieux, Jacques Fabri, Jean Marsan, Jacques Beauvais, Albert Rieux, Pierre Flourens, ","Arlette Poirier, Marcelle Monthil, Colette Ripert, Marcalle Praince, ","B+. Un rythme quasi-effréné par moments, vif et amusant. La pièce y est pour beaucoup, mais la réalisation classique mais tonique d'Aboulker et l'entrain des protagonistes soulève le tout d'un cran.",adapt : Marcel Aboulker
Border Vigilantes,,ABRAHAMS Derwin,1941 / USA, / Harry Sherman Prod. (Harry Sherman),western,"William Boyd (Hopalong Cassidy), Russell Hayden (Lucky Jenkins), Andy Clyde (California Carlson), Victor Jory (Henry Logan), Morris Ankrum (Dan Forbes), Tom Tyler (Yager), Hal Taliaferro (Ed Stone), Jack Rockwell (Hank Weaver), Britt Wood (Lafe Willis), John Beach (henchman), Hank Bell (liveryman), Fox O'Callahan"" (bank guard), Jess Cavin (barfly), Tex Cooper (saloon gambler), Curley Dresden (bank guard), Edward Earle (banker Stephens), Joe Garcio (henchman), Al Haskell (saloon gambler), Philip Kieffer (announces the robbery), Johnny Luther (henchman), Chuck Morrison (wagon wreck henchman), Herman Nowlin (henchman), Cliff Parkinson (weaver rider Jim), Phil Schumacher (vigilante), George Sowards (vigilante), Lem Sowards (henchman), Arthur Thalasso (bartender), Ted Wells (wagon wreck henchman), Henry Wills (cowhand), Hank Worden (Aunt Jennifer's wagon driver), Wen Wright (Frank, Forbes' hand)","Frances Gifford (Helen Forbes), Ethel Wales (Aunt Jennifer), ","Bon+. Une aventure assez animée du trio, qui la met dans la bonne moyenne de leurs productions. Harlan photographie toujours magnifiquement les Alabama Hills, et on profite de un ou deux gunfights de qualité, dont un premier avec une scène de diversion rare (2 chariots s’accrochent en ville et les 2 conducteurs s’écharpent au milieu de la rue...). La musique est étonnamment solide et présente.",J. Benton Cheney
Secret of the Wastelands,,ABRAHAMS Derwin,1941 / USA, / Harry Sherman Prod. (Harry Sherman),western,"William Boyd (Hopalong Cassidy), Andy Clyde (California Carleson), Brad King (Johnny Nelson), Douglas Fowley (Slade Salters), Keith Richards (Clay Elliott, U.S. Mint representative), Richard Loo (Quan), Lee Tung Foo (Doy Kee), Gordon Hart (Doctor Malcolm Birdsall), Earl Gunn (Clanton), Ian MacDonald (Hollister), John Rawlins (Williams), Roland Got (Yeng), Hal Price (Professor Balto Stubbs), Johnny Luther (Bar 20 cowhand), Charles Murphy (henchman), Bill Nestell (horse seller), Jack Rockwell (Sheriff Mulhall)","Soo Yong (Moy Soong), Barbara Britton (Jennifer Kendall), ","BonBon+. Une aventure très insipide où l’on pense d’abord que Hoppy va affronter les Triades chinoises dans une sorte d’évocation du “péril jaune”, mais soudainement le récit prend une allure plus libérale et on apprend que des Chinois nés aux USA ont découvert une vallée mystérieuse et fertile juste derrière les Alabama Hills !!! Hoppy leur donne alors un coup de main, mais le récit n’y gagne pas en plausibilité ou en qualité, d’autant que s’interpose à n’importe quel moment le truand local, déguisé en avocat “Chargé des Affaires Chinoises”... on est en plein délire... Brad King est un pâle 3e larron, mais barbara Britton est charmante.",Gerald Geraghty
HOT SHOTS,,ABRAHAMS Jim ,1991 / USA,,,"Charlie SHEEN, Cary ELWES, Lloyd BRIDGES, Kevin DUNN,","Valeria GOLINO, ",,
HOT SHOTS 2,,ABRAHAMS Jim ,1993 / USA,,,"Charlie SHEEN, Lloyd BRIDGES, Richard CRENNA,","Valeria GOLINO, ",,
Airplane flying high,Y a-t-il un pilote dans l'avion?,ABRAHAMS Jim + ZUCKER David + ZUCKER Jerry,1980 / USA, / PAR (Howard W. Koch + John Davison),com.,"Lloyd Bridges, Peter Graves, Robert Stack, Robert Hays, Leslie Nielsen, Stephen Stucker, Kareem Abdul-Jabbar, Jim Abrahams, Frank Ashmore, Jonathan Banks, Craig Berenson, Ted Chapman, Jesse Emmett, Norman Alexander Gibbs, Bob Gorman, Maurice Hill, David Hollander, James Honh, Howard Honig, Gregory Itzin, Howard Jarvis, Michael Laurence, David Leisure, Zachary Lewis, Len Mooy, John O'Leary, Cyril O'Reilly, Bill Porter, Nicholas Pryor, Kenneth Tobey, ","Julie Haggerty, Lorna Patterson, Barbara Billingsley, Lee Bryant, Joyce Bulifant, Mae E. Campbell, Amy Gibson, Rossie Harris, Barbara Mallory, Maureen McGovern, Nora Meerbaum, Mary Mercier, Ethel Merman, Ann Nelson, Laura Nix, Michelle Stacy, ",Bon.,J. Abrahms + D. Zucker + J. Zucker
Ruthless people,,ABRAHAMS Jim + ZUCKER David + ZUCKER Jerry,1985 / USA, / (Michael Peyser),?,"Danny De Vito, Judge Reinhold, Bill Pullman, William G. Schilling, Art Evans, Clarence Felder, J. E. Freeman, Gary Riley, J. P. Bumstead, Jon Cutler, Jim Doughan, Christopher J. Keene, Henry Noguchi, Frank Sivero, Arnold F. Turner, ","Bette Midler, Helen Slater, Anita Morris, Phyllis Applegate, Jeanine Bisgnano, Susan Mary Snyder, Louise Yaffe, ",Bon.,Dale Launer
Mission : Impossible III,Mission : Impossible III,ABRAMS J. J.,2006 / USA, / PAR (Tom Cruise + Paula Wagner),esp.,"Tom Cruise, Philip Seymour Hoffman, Laurence Fishburne, Ving Rhames, Billy Crudup, Jonathan Rhys Meyers, Simon Pegg, Eddie Marsan, Jeff Chase, Michael Bery Jr., Paul Kelley, Greg Grunberg, Aaron Paul, ","Michelle Monaghan, Keri Russell, Maggie Q, Bahar Soomekh, Carla Gallo, Bellamy Young, ","Bon+. Produit bien formaté, avec un Cruise impressionnant d'investissement, un scenario gros mais bien mitonné, une réalisation musclée par les standards techniques (et pyrotechniques!) du temps.",Alex Kurtzman + Roberto Orci + J. J. Abrams
Super 8,Super 8,ABRAMS J. J.,2011 / USA, / PAR / Bad Robot - Amblin Ent. (Steven Spielberg + J.J. Abrams + Bryan Burk),"sc. fct., fantast.","Joel Coutney, Joel McKinnon Miller, Ryan Lee, Zach Mills, Riley Grifiths, Gabriel Basso, Kyle Chandler, Ron Eldard, AJ Michalka, Glynn Turman,","Elle Faning, Jessica Tuck, Britt Flatmo, ","B-. Le récit dégage du charme quand il concerne spécifiquement les enfants, utilisant habilement l'argument du film super 8, l'accident et les problématiques familiales ; il tourne mal quand il nous assaille avec le monstre, inattendu et superflu dans une telle aventure, et qui alourdit artificiellement le suspense. Les jeunes acteurs sont très bien, et on retrouve l'esthétique Spielbergienne, souvent habile, mais la fin a la bêtise naïve tout aussi typique de Spielberg, et contribue comme souvent à gâcher la fête.",J. J. Abrams
Star wars : the force awakens,Star wars : épisode VII - Le réveil de la Force,ABRAMS J. J.,2015 / USA, / Lucasfilm - Bad Robot - Truenorth Prod. (Kathleen Kennedy + J.J. Abrams + Bryan Burk),"sc. fct., fantast.","Harrison Ford, Oscar Isaac, Mark Hamill, John Boyega, Adam Driver, Peter Mayhew, Domhnall Gleeson, Andy Serkis, Simon Pegg, Max von Sydow, Anthony Daniels, Kenny Baker, Billie Lourd, Greg Grunberg, Ken Leung, Miltos Yerolemou, Pip Andersen, Dixie Arnold, Warwick Davis, Iko Uwais, Yayan RuDaisy Ridley, Carrie Fisher, Lupita Nyong'o, Gwendoline Christie, Maisie Richardson-Sellers, Jessica Henwick, Crystal Clarke, Leanne Best, Anna Brewster, hian, Harriet Walter, Daniel Craig, Ewan McGregor, Frank Oz, Alec Guinness, Bill Hader, Ben Schwartz","Daisy Ridley, Carrie Fisher, Lupita Nyong'o, Gwendoline Christie, Maisie Richardson-Sellers, Jessica Henwick, Crystal Clarke, Leanne Best, Anna Brewster, ","Bon+. Quel ennui ! On prend les mêmes en plus vieux, et on leur fait faire à peu près la même chose... quelle avenir aurait un tel cinéma si la presse, qui n’a aucune indépendance de vue, ne servait la soupe à la production en se substituant aux attachés de presse ? ",Lawrence Kasdan + J. J. Abrams + Michael Arndt
Valse de Paris (La) ,,ACHARD Marcel,1949 / F, / Lux,com. mus.,"Pierre Fresnay, Jacques Charon, Jacques Castelot, Pierre Dux, Lucien Nat, Robert Manuel, André Roussin, Jacques Dynam, Claude Sainval, Gabriel Gobin, Bernard Farrell, Alexandre Astruc, Jacques Dynam, Jean Hébey, Max Dalban, Michel Salina, Pierre Juvenet, Jean Barrère, Jacques Berlioz, Marcel Rouzé, Jo Davray, Georges Pally, Bernard Imbaud,","Yvonne Printemps, Denise Provence, Noëlle Norman, Raymonde Allain, Léa Gray, Renée Sénac, Lisette Lebon, Caroline Carlotti, Patricia Solair, Sylviane Aladin, Josée ARiel, Christine Reygnault, Liliane Robert, ",BonB.,M. Achard
Homme des Folies-Bergères (L'),,ACHARD Marcel + DEL RUTH Roy,1935 / F, / 20th Century,com. mus.,"Maurice Chevalier, Fernand Ledoux, André Berley, Jacques Louvigny, Ferdinand Gottschalk, Georges Renavent, André Cheron, Ramsay Hill, Jules Raucourt, ","Natalie Paley, Sim-Viva, Barbara Leonard, Pauline Garon, Marcelle Corday, ",?. Version américaine tournée en même temps.,Marcel Achard
M comme Matthieu,,ADAM Jean-François,1970 / F, / Films du Quadrangle,com. dr.,"Samy Frey, Roland Dubillard, ","Brigitte Fossey, Bulle Ogier,",B.TB.,J.-F. Adam
Show of shows (The),,ADOLFI John G.,1929 / USA, / WR (Darryl F. Zanuck),com. mus.,"Frank Fay, William Courtenay, H. B. Warner, Hobart Bosworth, Monte Blue, Ben Turpin, Heinie Conklin, Lupino Lane, Lee Moran, Bert Roach, Lloydf Hamilton, Chester Morris, Jack Mulhall, Noah Beery, Tully Marshall, Jack Curtis, Georges Carpentier, Richard Barthelmess, Bull Montana, Nick Lucas, Douglas Fairbanks Jr., Chester Conklin, Grant Withers, William Collier Jr., William Bakewell, John Barrymore, Lionel Barrymore, Anthony Bushell, Alexander Gray, Rin Tin Tin, ","Myrna Loy, Alice Day, Dolores Costello, Helene Costello, Loretta Young, Lois Wilson, Betty Compson, ","Bon. Laborieux et terriblement daté, mais intéressant à cet égard. Les numéros de troupe sont sans intérêt, hormis quelques prémisses Berkeleyens, et les skecthes de liaison épouvantables, mais on regarde le tout comme un document d'époque, admirant au passage quelques danseurs impressionnants d'habileté.",J. Keirn Brennan + Frank Fay
Millionaire (The),Millionaire (Le),ADOLPHI John G.,1931 / USA,WR (John G. Adilfi),com.,"George Arliss, David Manners, James Cagney, Bramwell Fletcher, Noah Berry, Ivan F. Simpson, J. C. Nugent, Sam Hardy, J. Farrell MacDonald, Charley Grapewin, Charles E. Evans, Tully Marshall, ","Florence Arliss, Evalyn Knapp, Ethel Griffies, ","Bon+.B-. Une comédie qui porte allègrement le poids de ses années en affichant une décontraction et une légèreté plaisante sur un scenario typique de l’époque, nous présentant un capitaliste “positif” et naïf. Arliss a une grande discrétion dans son comique et s’en sort habilement. Vieillot et totalement anachronique, mais une vieillerie sympathique.",Julien Josephson + Booth Tarkington
Working man (The),Roi de la chaussure (Le),ADOLPHI John G.,1933 / USA,WR (Jack L. Warner),com.,"George Arliss, Hardie Albright, Theodore Newton, Gordon Wescott, J. Farrell MacDonald, Charles Evans, Frederick Burton, Edward Van Sloan, Pat Wing, Harold Minjir, Douglas Dumbrille, ","Bette Davis, Claire McDowell, Ruthelma Stevens, ","Bon+. Petite comédie sympathique dans un ton assez pré-Capraien, intéressante pour le volontarisme entrepreneurial revendiqué dont elle fait preuve dans cette période de récession. Réalisation et interprétation sont mineurs et datés, mais efficaces.",Charles Kenyon + Maude T. Howell
Hell's crossroads,Carrefour de la vengeance (Le),ADREON Franklin,1957 / USA,3 / Republic (Rudy Ralston),western,"Stephen McNally, Robert Vaughn, Barton McLane, Harry Shannon, Henry Brandon, Douglas Kennedy, Grant Withers, Myron Healey, Frank Wilcox, Morris Ankrum, ","Peggie Castle, Jean Howell, ","Bon+. Une version sans prétention de la fin du gang James (ce que ne laisse pas deviner le titre !?!), qui prend certes des libertés avec l'histoire, mais recèle quelques qualités : bonne réalisation par moments (dès le hold-up de départ, d'ailleurs), intensité dramatique à d'autres, bonne direction d'acteurs, personnage de McNally en quête de rédemption, et du père de Bob Ford, bonne utilisation des paysages habituellement lassants de l'Iverson Ranch. ",John K. Butler + Barry Shipman
Gone Baby Gone,,AFFLECK Ben,2007 / USA, / LivePlanet -Miramax - Ladd Co.d (Sean Bailey + Alan Ladd Jr.),pol.,"Casey Affleck, Morgan Freeman, Ed Harris, John Ashton, Titus Welliver, Michael Kenneth Williams, Edi Gathegi, Mark Margolis, Slaine, Trudi Goodman, Matthew Maher, Sean Malone, Brian Scannell, Jay Giannone, William Lee, ","Michelle Monaghan, Amy Ryan, Amy Madigan, Madeline O'Brien, Jill Quigg, ","TB. Un récit pathétique, dont une des phrases fortes propose :“My priest says shame is God telling you what you did was wrong”. Dès la séquence générique, on sent un regard lucide mais compatissant sur le monde, d’une douceur qui n’empêche pas la cruauté et le réalisme. Très beau scenario d’après l’auteur de “Mystic river” (réalisé par C. Eastwood en 2003), belle mise en scène, personnages remarquablement campés et interprétés, Affleck en tête, avec son rythme propre. Un remarquable premier film !",Ben Affleck + Aaron Stockard
Town (The),,AFFLECK Ben,2010 / USA, / WR / Legendary Pict. - GK Films - Thunder Road (Basil Iwanyck + Graham King),pol.,"Ben Affleck, Jon Hamm, Jeremy Renner, Slaine, Owen Burke, Titus Welliver, Pete Postlethwaite, Chris Cooper, Dennis McLaughlin, Brian Scanell, Tony V, ","Rebecca Hall, Blake Lively, ","B-. Un travail de réalisation intéressant de la part d'Affleck, sur un script un peu trop dans le sens du vent actuel, violent, noir, au scenario et au dialogue un peu trop malin. Les comédiens se donnent tous des allures, celles issues et transformées des postures que Brando/Newman et consorts ont mis à jour avec beaucoup plus de talent à leur époque. Long au final, avec une fin alternative plus logique que celle du premier montage.",Peter Craig + Ben Affleck + Aaron Stockard
Live by night,,AFFLECK Ben,2010 / USA, / Appian Way - Pearl Street Films - RatPac-Dune Ent. (Leonardo DI Caprio + Jennifer Davisson + Jennifer Todd + Ben Affleck),pol.,"Ben Affleck, Brendan Gleeson, Anthony Michael Hall, Titus Welliver, Chris Messina, Derek Mears, Chris Cooper, Max Casella, Robert Glenister, Chris Sullivan, Kristen Annese, J.D. Evermore, Tom Virtue, Matthew Maher, Bruno Amato, Shawn Contois, John Bishop, Michael Chieffo, Larry Eudene, Benny Ciaramello, Michael Mantell, Andrew Bongiorno, Austin Swift, Mark Burzenski, 
","Zoe Saldana, Elle Fanning, Sienna Miller, Katie O'Malley, Lexie Roth, Lucy Angelo","Bon+. Difficile de reconstituer une époque, un contexte historique, des moeurs et des personnages à 100 ans d’écart, et il faut bien admettre qu’un scénariste de maintenant veuille se démarquer des moeurs et usages de cette époque pour nous servir un plat au goût du jour. Malheureusement, c’est ici Affleck qui se sert les plats, et le sentiment qui domine est la conscience de soi qu’ont le scénariste, le réalisateur et le héros (le même en l’occurence !). Le rythme est lent, à la limite du pompeux, et s’il y a quelques beaux moments, assez bien écrits, plus une ou deux bonnes séquences d’action (incontournables, non !?!), on s’ennuie avec une relative distinction en espérant que tout s’active !",Ben Affleck
Rue du Bac,,AGHION Gabriel,1990 / F, / Sara Films - C+ - CNC - Fondation GAN (Alain Sarde),com. dr.,"Frédérique Constant, Vincent Vallier (=), Dumitru Furdui, Facundo Bo, ","Geneviève Bujold, Françoise Brion, Edith Scob, Svéva Aghion, Diane Doniol-Valcroze, Susannah Kenton, Sophie Meriem, Céline Samie, Marucha Bo, ",Bon.,Gabriel Aghion + Yves Dangerfield
"Jag, en kvinna","Moi, une femme",AHLBERG Mac,1965 / Suède, / (Peer Gulbrandsen + Fritz Ruzicka),com. dr.,"Jorgen Reenberg, Preben Mahrt, Erik Hell, Preben Korning, Bengt Brunskog, Frankie Steel, Wandy Tworek, ","Essy Person, Tove Maës, Ebba With, ",Bon.,Peer Guldbransen
Nana,Poupée d'amour (La) ou Nana 70,AHLBERG Mac,1971 / Suède - F, / ,com. dr.,"Lars Lunoe, Keve Hjelm, Gérard Berner, Rikki Septimus, Hans Ernback, Poul Glargaard, Fritz Ruzicka, Willy Peters, Peter Bonke, ","Anna Gaël, Gillian Hills, Helli Louise, Yvonne Ekman, Bonnie Evans, ",BonB.,Mac Ahlberg + Tore Sjöberg
News from home,,AKERMAN Chantal,1977 / F, / INA - Paradise films - Unité 3 (Alain Dahan),dr.,,voix de Chantal Akerman,BonB.,Chantal Akerman
Couch in New-York (A),Divan à New-York (Un),AKERMAN Chantal,1996 / F-D-B, / Films Balenciaga - Babelsbergh Film - FR2 - M6 - PolygramRégine Konckier + Jean-Luc Ormières,com.,"William Hurt, Paul Guilfoyle, Richard Jenkins, Kent Broadhurst, Henry Bean, Bernard Breuse, Adam Le Fèvre, Boris Leskin, Jerry Dean, David Lowmax, Jean-Baptiste Filleau, Lysako Karunga, Blaie Chakir, Bruce Katzman, Michael McCormick","Juliette Binoche, Stephanie Buttle, Barbara Garrick, Tiffany Frazer, Wendy Way, ","TB. Un détournement très sensible, intelligent et drôle de la comédie sentimentale qui fit les grandes heures d'Hollywood. Un scenario subtil, qui met cul par dessus tête la psychanalyse, provoque de manière charmante, émeut intelligemment, et est emporté par un couple charismatique. La réalisation est brillante, avec de longs travellings intelligents, superbement dialogués. Un vrai plaisir. ",Chantal Akerman + Jean-Louis Benoît
Demain on déménage,,AKERMAN Chantal,2004 / F - B, / Paradise - Gemini - Arte - RTBF,"com., com. mus.","Jean-Pierre Marielle, Lucas Delvaux, Gilles Privat, Christian Hecq, Olivier Ythier, Georges Siatidis, Nicolas Majois, Emmanuel Clarke, ","Sylvie Testud, Aurore Clément, Natacha Régnier, Dominique Reymond, Elsa Zylberstein, Anne Coesens, Laetitia Reva, Valérie Bauchau, Catherine Aymerie, ","Bon+. Une comédie qui se veut douce-amère et sautillante, mais qui reste finalement froide et purement intellectualisée. On est malheureusement loin de la douceur drôle et du ton à l'américaine de ""Un divan à New-York"", qui mettaient en joie. Clément se prend pour Seyrig, et seuls Testud, Régnier et Marielle apportent une présence humaine au récit.",Chantal Akerman + Éric de Kuyper
Coeur fou (Le),,ALBICOCCO Jean-Gabriel,,,,,,,
Fille aux yeux d'or (La),,ALBICOCCO Jean-Gabriel,1960 / F,,,,,,
Rat d'Amérique (Le),,ALBICOCCO Jean-Gabriel,1961 / F,,,,,,
Le petit matin,,ALBICOCCO Jean-Gabriel,1970 / F, / Nawa Films Prod.-Pathé Sirius,dr.,"Mathieu Carrière, Jean Vilar, Jacques Marin, Christian Balthauss, Jean-Jacques Ruysdael, André Dumas, Pierre Londiche, Serge Spira, Jean-François Jaubert, Jose Belkan, Franz Sauer, Nicolas Vogel, Jean Franval, Gabriel Gobin, Christian Melsen, Rolph Spath, Oskar Freitag, Tony Roedel, ","Catherine Jourdan, Madeleine Robinson, Colette Régis, Christine Audhuy, Margo Lion, Annick Alane, Maryse Martin, ",Bon.,J.G. Albicocco + Pierre Kast
Fire down below,Menace toxique,ALCALÁ Felix Enriquez,1997 / USA, / WR (Steven Seagal + Julius R. Nasso),av.,"Steven Seagal, Kris Kristofferson, Harry Dean Stanton, Stephen Lang, Brad Hunt, Levon Helm, Robert Ridgely, Mark Collie, Alex Harvey, Ed Bruce, Richard Masur, Michael Krawic, Clay Jeter, Newell Alexander, John Diehl, Michael Mattison, Dennis Letts, Petrice Jordan, John Frosky, Scott L. Schwartz, Rick Johnson, Andy Stahl, Joe Basile, ","Marg Helgenberger, Amelia Neighbors, Yvonne Pollard, Peggy Lynn, Patsy Lynn, Melodie Past, Gina Mari, Lana Vassie, ","Bon+. Comme souvent avec les films contrôlés par Seagal, on se demande si la lenteur est un effet recherché ou une inconscience du scénariste et du producteur. Mais le réalisme, la vitesse et la précision des combats, tellement différents de ce qu'on voit avec Stallone, Van Damme ou autres Schwarzennegger, rachètent un peu les faiblesses du reste.",Jeb Stuart + Philip Morton
Out of Rosenheim,Bagdad café,ALDON Percy,1987 / D, / Percy + Eleonore Aldon,com. dr.,"Jack Palance, Darron Flagg, George Aguiar, G. Smokey Campbell, Hans Stadlbauer, Alan S. Craig, Ronald Lee Jarvis, Ray Young, Gary Lee Davis, ","Marianne Sägebrecht, CCH Pounder, Christine KAUFMANN, Monica Calhoun, ","Bon+B. Photo très ampoulée, ambiance eau de fleur d'oranger...",Percy & Eleonore Aldon + Christopher Doherty
Apache,Bronco Apache,ALDRICH Robert,1954 / USA,3 / AA / Hecht-Lancaster,western,"Burt Lancaster, John McIntire, John Dehner, Charles Bronson, Monte Blue, Paul Guilfoyle, Ian MacDonald, Morris Ankuum, Walter Sande, ","Jean Peters, ","TB.Exc.puis B. Un faux rythme qui nuit à l'intérêt, une réalisation peu assurée sur une thématique un brin simpliste (comme souvent dans le western pro-indien de cette période), une symbolique assez lourde (l'enfant-le maïs, etc.), tout ça pour une oeuvre encore mal assurée, mais dont le mise en perspective avec le “Vera Cruz” de la même année offre un bon résumé des manières et des thèmes à venir d'Aldrich. _x0015_Alex",James R. Webb
World for Ransom,Alerte à Singapour,ALDRICH Robert,1954 / USA,2 / Plaza Prod. (R. Aldrich + Bernard Tabakin),pol. esp.,"Dan Duryea (Mike Callahan / Corrigan), Gene Lockhart (Alexis Pederas), Patric Knowles (Julian March), Reginald Denny (Major Ian Bone), Nigel Bruce (Governor Sir Charles Coutts), Arthur Shields (Professor Sean O'Connor, atomic scientist), Douglass Dumbrille (Inspector McCollum), Keye Luke (Lee Wong, photographer), Clarence Lung (Johnny Chan), Lou Nova (Guzik), Patrick Allen (soldier), Spencer Chan (club patron), Herschel Graham (club patron), Stuart Hall (military officer), George Hoagland (soldier), Gustave Lax (club patron), Strother Martin (Corporal), Beal Wong (bartender Wu)","Marian Carr (Frennessey March), Carmen D'Antonio (dancer Ming Toy), ",Bon. _x0015_Faux exotisme et situations primaires. Duryea joue quelquefois faux ; mais le personnage a toujours été “oblique”... c’est tout son génie.,Lindsay Hardy+ Hugo Butler
Vera Cruz,Vera Cruz,ALDRICH Robert,1954 / USA,3 / Hetch-lancaster (James Hill),western,"Gary Cooper, Burt Lancaster, Cesar Romero, Ernest Borgnine, Jack Elam, Charles Bronson, Jack Lambert, George MacReady, Morris Ankrum, Henry Brandon, Archie Savage, James Mc Callion, Charles Horwath, Juan Garcia, James Seay, Bob Morgan, Jose Torvay, _x0015_Alex","Sarita Montiel, Denise Darcel, ",Génial puis B.,Roland Kibbee + James R. Webb
Big knife (The),Grand couteau (Le),ALDRICH Robert,1955 / USA,2 / AA - Associates and Aldrich,dr.,"Jack Palance, Rod Steiger, Wendell Corey, Everett Sloane, Strother Martin, Wesley Addy, Paul Langton, Nick Dennis, Bill Walker, Mike Winkelman, Mel Welles, Robert Sherman, Ralph Volke, Michael Fox, ","Ida Lupino, Shelley Winters, Jean Hagen, Ilka Chase, ",Exc puis TB.,James Poe
Kiss me deadly,En quatrième vitesse,ALDRICH Robert,1955 / USA,4 / Parklane Prod. (Victor Saville),pol.,"Ralph Meeker, Albert Dekker, Paul Stewart, Jack Elam, Jack Lambert, Wesley Addy, Strother Martin, Fortunio Bonanova, Juano Hernandez, Nick Dennis, Percy Helton, Strother Martin, Jerry Zinneman, James Seay, Robert Cornthwaith, James Mc Callian, Mort Marshall, Art Loggins, Silvio Minciotti, Bob Sherman, Keith Mc Connell, Paul Richards, Eddie Beal, Mort Marshall, Art Loggins, Bob Sherman, ","Laxime Cooper, Gaby Rodgers, Marian Carr, Cloris Leachman, Leigh Snowden, Madi Comfort, Mara Mc Afee, Jesslyn Fax, Marjorie Bennett, ","TB.Exc. puis B+TB-. Un film dont la violence reste intacte après 50 ans, remarquablement en prise avec la transformation de la société d'alors. Le découpage traîne un peu par moments, pour s'accélérer par à-coups, tel Hammer conduisant ses roadsters, et les personnages sont souvent à la limite de la caricature, comme souvent chez Aldrich. Mais la mise en scène est âpre, culottée, novatrice et inventive, et le thème lourd de sous-entendus très en avance sur le temps. _x0015_
Alex.",Al Bezzerides
Autumn leaves,Feuilles d'automne,ALDRICH Robert,1955 / USA,2 / COL (William Goetz Prod.),dr.,"Cliff Robertson, Lorne Green, Shepperd Strudwick, Maurice Manson, Selmer Jackson, Frank Gerstle, Leonard Mudie, Bob Hopkins, ","Joan Crawford, Vera Miles, Ruth Donnelly, Marjorie Bennett, Selma Jackson, Maxime Cooper, ",TB. puis B.,Jack Jevne+ Lewis Meltzer + Robert Blees
Attack !,Attaque,ALDRICH Robert,1956 / USA,2 / AA - R. Aldrich (R. Aldrich + Walter Blake),gu.,"Jack Palance, Eddie Albert, Lee Marvin, Robert Strauss, Richard Jaeckel, Buddy Ebsen, Peter Van Eyck, William Smithers, Strother Martin, Steven Geray, Ron McNeill, Jimmy Goodwin, Judson Taylor, Louis Mercier, ",,"TB. Un récit théâtral, où l'intervention d'Aldrich n'a certainement pas, comme souvent, ajouté de la subtilité. Mais le drame est terrible et on n'ose pas imaginer ce qu'il aurait pu donner avec un héros moins brûlant et tourmenté que Palance, qui dévore le film et imprime sa marque. Belles séquences de guerre, fortement réalisées.",James Poe
Angry hills (The),Trahison à Athènes,ALDRICH Robert,1959 / USA, / Raymond Stross (R. Stross Prod.),esp.,"Robert Mitchum (reporter Mike Morrison), Stanley Baker (Conrad Heisler), Theodore Bikel (Dimitrios Tassos), Sebastian Cabot (pawn broker Chesney), Peter Illing (Leonides, Eleftheria's uncle), Leslie Phillips (Ray Taylor), Donald Wolfit (Doctor Stergion), Marius Goring (Colonel Elrick Oberg), Kieron Moore (Andreas, Eleftheria's brother), George Pastell (Papa Panos), Patrick Jordan (Private Bluey Ferguson), Stanley Van Beers (tavern proprietor), George Eugeniou (unknown), Alec Mango (Phillibos), Kostas Gousgounis (agent)","Elisabeth Muller (Lisa Kyriakides), Gia Scala (Eleftheria), Jocelyn Lane (Maria Tassos), Marita Constantinou (Cleopatra), ","B puis B-. La lutte des résistants grecs face aux Nazis en 1942 n'a inspiré à Bezzerides qu'un scénario bavard, mal construit et très fumeux. Le tout reste improbable et sans intérêt, et la Grèce reste bien invisible.",A. l. Bezzerides
Ten seconds to Hell,Attaque,ALDRICH Robert,1959 / USA - UK, / Hammer Films - Seven Arts (R. Aldrich + Michael Carreras),gu.,"Jack Palance, Jeff Chandler, Martine Carol, Robert Cornthwait, Dave Willock, Wesley Addy, Jimmy Goodwin, Virginia Baker, Richard Wattis Nancy Lee Jim Hutton, Charles Nolte, ",,"B-. Les mêmes remarques que pour ‘Attack” peuvent s’appliquer avec ensuite quelques nuances : “Un récit théâtral, où l'intervention d'Aldrich n'a certainement pas, comme souvent, ajouté de la subtilité. Mais le drame est terrible et on n'ose pas imaginer ce qu'il aurait pu donner avec un héros moins brûlant et tourmenté que Palance, qui dévore le film et imprime sa marque”. Ces aventures de 6 anciens “résistants” allemands condamnés à déminer et qui disparaissent les uns après les autres sont assez poignantes, et correspondent probablement à l’atmosphère sidérante de l’époque, mais Aldrich ne fait pas dans la dentelle, surtout dans les relations entre les personnages. Chandler, dans un contre-emploi, est quai-libéré dans son jeu et nous sort une belle interpétation ; Palance, toujours sidérant, en fait peut-etre un peu trop, mais quelle gueule !!!",Robert Aldrich + Teddi Sherman
Last sunset (The),El Perdido,ALDRICH Robert,1961 / USA,3 / Eugène Frenke + Edward Lewis (Bryna Prod. = K. Douglas),western,"Kirk Douglas, Rock Hudson, Joseph Cotten, Neville Brand, Jack Elam, Adam Williams, Regis Toomey, Rad Fulton, John Shay, George Trevino, Peter Virgo, Jose Frowne, Manuel Vergara, ","Dorothy Malone, Carole Linley, Margarito de Luna, Chihuahua",B.TB.,Dalton Trumbo
Four for Texas,Quatre du Texas,ALDRICH Robert,1963 / USA,2 / R. Aldrich (SAM Prod. = Sinatra-Martin-Aldrich),western,"Dean Martin, Frank Sinatra, Victor Buono, Richard Jaekel, Jack Elam, Percy Helton, Wesley Addy, Jack Lambert, Edric Connor, Nick Dennis, Percy Helton, les Three Stooges, Paul Langon, Jonathan Hale, Fritz Feld, ","Ursula Andress, Anita Ekberg, Marjorie Bennett, Jesslyn Fax, ",Bon.,Teddi Sherman + R. Aldrich
What ever happened to Baby Jane?,Qu'est-il arrivé à Baby Jane?,ALDRICH Robert,1963 / USA, / WR - Seven Arts + Aldrich Prod.,dr.,"Victor Buono, Wesley Addy, Bert Freed, Dave Willock, ","Bette Davis, Joan Crawford, Anna Lee, Julie Allred, Marbara Merrill, Gina Gillepsie, Ann Barton, ",B.,Lukas Heller
"Hush, Hush, sweet Charlotte","Chut, chut chère Charlotte",ALDRICH Robert,1965 / USA, / Fox (Aldrich + Associates Prod.),dr.,"Joseph Cotten, Cecil Kellaway, William Campbell, Victor Buono, Wesley Addy, Frank Ferguson, Bruce Dern, George Kennedy, Percy Helton, John Megna, Idell James, Teddy Buckner et son All Stars","Bette Davis, Olivia de Havilland, Agnès Moorehead, Mary Astor, Ellen Corby, Helen Kleeb, Marianne Stewart, Mary Henderson, Lilian Randolph, Geraldine West, ",B.,Henry Farrell+ Lukas Keller
Flight of the Phoenix (The),Vol du Phoenix (Le),ALDRICH Robert,1965 / USA,2 / Fox (R. Aldrich),av.,"James Stewart, Richard Attenborough, Hardy Kruger, Peter Finch, Christian Marquand, Dan Duryea, Ian Banner, Ronald Fraser, George Kennedy, Gabreille Tinti, Alex Montoya, Peter Bravos, William Aldrich, ","Barrie Chase, ","TB. Au-delà du relatif mais sympathique intérêt du scenario, la réalisation est absolument impeccable, à part quelques coups de zoom hasardeux, bien dans l'époque. Très bonne direction d'acteurs (Attenborough entre autres), dans un film d'hommes qui ne tombe pas trop dans la caricature.",Lukas Heller
Dirty dozen (The),Douze salopards (Les),ALDRICH Robert,1967 / USA,2 / MGM (Kenneth Hyman + Raymond Anzarut),gu.,"Lee Marvin, Charles Bronson, Ernest Borgnine, Jim Brown, John Cassavetes, Richard Jaeckel, George Kennedy, Robert Ryan, Clint Walker, Trini Lopez, Ralph Meeker, Telly Savalas, Robert Webber, Donald Sutherland, Ben Carruthers, Robert Phillips, Colin Maitland, Al Mancini, Tom Busby, George Roubicek, Thick Wilson, ","Dora Reisser, ",Bon+B.,Nunnally Johnson + Lukas Heller
Legend of Lylah Clare (The),Démon des femmes (Le),ALDRICH Robert,1968 / USA, / MGM (R. Aldrich),dr.,"Peter Finch, Ernest Borgnine, Milton Selzer, Gabriele Tinti, Michael Murphy, Nick Dennis, George Kennedy, Dave Willcock, Robert Ellenstein, James Lanphier, Peter Bravos, Hal Maguire, Dan Borzage, Michael Fox, William Aldrich, ","Kim Novak, Rosella Falk, Valentina Cortese, Jean Caroll, Ellen Corby Lee Meriwether, Queenie Smith, ",Bon+.,Hugo Butler + Jean Rouverol
Killing of sister George (The),Faut-il tuer Sister George ?,ALDRICH Robert,1968 / USA, / R. Aldrich,dr.,"Ronald Fraser, Hugh Paddick, Cyril Delevante, Brendan Dillon, William Beckley, Jack Adams, Jack Raine, ","Beryl Reid, Susannah York, Coral Browne, Patricia Medina, Sivi Aberg, Elaine Church, Cicely Walper, Maggie Paige, ",TB.,Lukas Heller
Too late for heroes,Trop tard pour les héros,ALDRICH Robert,1970 / USA, / R. Aldrich,gu.,"Cliff Robertson, Michael Caine, Henry Fonda, Ian Bannen, Harry Andrews, Denholm Elliott, Ronald Fraser, Lance Percival, Percy Herbert, Sean Mac Duff, Michael J. Parsons, Harvey Jason, Martin Horsey, William Beckley, Ken Takanura, Don Knight, Roger Newman, ",,B.,R. Aldrich + Lukas Heller
Grissom gang (The),Pas d'orchidées pour Miss Blandish,ALDRICH Robert,1971 / USA, / R. Aldrich,pol.,"Scott Wilson, Tony Musante, Robert Lansing, Wesley Addy, Matt Clark, Joey Faye, Don Keefer, Dotts Johnson, Mort Marshall, Michael Baselon, Ralph Waite, Hal Baylor, Alvin Hammer, Alex Wilson, Dave Willock, Elliot Street, John Steadman, Raymond Guth, ","Kim Darby, Connie Stevens, Irene Dailey",TB.Exc.,Leon Griffiths
Ulzana's raid,Fureur apache,ALDRICH Robert,1972 / USA,2 / Carter de Haven (C. de Haven-Aldrich),western,"Burt Lancaster, Bruce Davison, Jorge Luke, Richard Jaekel, Joaquin Martinez, Lloyd Bochner, Karl Swenson, Douglass Watson, John Pearce, Nick Cravat, Karl Swenson, Richard Bull, Otto Reichow, Dean Smith, Larry Randles, Hal Maguire, Ted Markland, R. L. Armstrong, John McKee, Tony Epper, Nick Cravat, Bill Burton, Fred Brookfield, Jerry Gatlin, Walter Scott, Richard Farnsworth, Henry Camargo, Larry Colelay, Gil Escandon, Marvin Fragua, Frank Gonzales, Benny Thompson, George Aguilar, Wallace Sinyella, ","Dran Hamilton, Gladys Holland, Margaret Fairchild, Aimee Ecclés, ","B. TB. Une certaine influence du western italien dans la violence visuelle et l'usage ridicule du zoom typique de la décennie, mais de belles idées de poursuite, des situations intéressantes, et un regard d'apparence raciste mais finalement circonstancié sur les vues différentes du monde indien et du monde blanc. Ici personne ne gagne ni n'a raison, la morale n'existe plus et les civilisations s'affrontent sans se comprendre ni se pardonner. Les braves survivent ou meurent sans que leur justesse de vue y soit pour quelque chose. Dur mais intéressant. On regrette le scope ou la Panavision, qui aurait fait justice à la linéarité de l’itinéraire et du récit, et on se demande si la photo est volontairement gâchée par la pellicule choisie ou si c'est un manque de moyens._x0015_Il existe deux versions d'égales longueurs, aux montagex différents.",Alan Sharp
Emperor of the North (The),Empereur du Nord (L'),ALDRICH Robert,1973 / USA,2 / Stanley Hough ,av. dr.,"Lee Marvin, Ernest Borgnine, Keith Carradine, Charles Tyner, Simon Oakland, Elisha Cook jr., Matt Clark, Malcom Atterbury, Herny Caesar, Hal Baylor, Joe di Reda, Liam Dunn, Robert Foulk, James Goodwin, Ray Guth, Sid Haig, Karl Lucas, Edward McNally, John Steadman, Vic Tayback, Dave Willock, Harry Hickox, Ralph Montgomery, Don Blackman, Hal Jon Normand, Wayne Sutherlen, ","Diana Dye, ","B. TB? puis B-. _x0015_Meilleur qu'à la première vision, à croire qu'on s'habitue à la brutalité à l'écran au fil des années ... Mais il y a aussi d'autres choses, non aperçues à la découverte.",Christopher Knopf
Mean Machine or the longest yard (The),Plein la gueule,ALDRICH Robert,1974 / USA, / Albert S. Ruddy,av.,"Burt Reynolds, Eddie Albert, Ed Lauter, Michael Conrad, Charles Tyner, Mike Henry, Ray Nitschke, Joe Kapp, John Steadman, Jim Hampton, Dino Washington, Richard Keel, Mort Marshall, Perrus Atkins, Tony Cacciotti, Ernie Wheelwright Jr., Jack Rockwell jr., Pepper Martin, Guse Carlucci, Tony Reese, Michael Fox, Chuck Hayward, Alfie Wise, Ray Ogden, Steve Wilder, George Jones, Donald Hixon, Jim Nicholson, Joe Jackson, Willow Gillan, Sonny Shroyer, ","Bernadette Peters, Anitra Ford, ",Bon,Tracy Keenan Wynn
Hustle ,Cité des dangers (La),ALDRICH Robert,1975 / USA, / PAR ( R. Aldrich + B. Reynolds),pol.,"Burt Reynolds, Ben Johnson, Eddie Albert, Paul Winfield, Ernest Borgnine, Jack Carter, Peter Brandon, James Hampton, David Spielberg, Chuck Hayward, David Estridge, Peter Brandon, Ned Flory, Steve Shaw, Dino Washington, Anthony Eldridge, John Duke Russo, Don Billett, Hal Baylor, Don ""Red"" Barry, Karl Lukas, Gene Chronopoulos, Alvin Hammer, Dave Willock, Robert Englund, George Menoli, Fred Willard, Thad Geer, Ben Young, Tassos Bravos, ","Catherine Deneuve, Eileen Brennan, Sharon Kelly, Catherine Bach, Naomi Stevens, Nancy Bonniwell, Patrice Rohmer, Queenie Smith, Marilyn Moe, ",?,Steve Shagan
Frisco Kid (The),Rabbin au Far-West (Un),ALDRICH Robert,1979 / USA, / Mace Neufeld ,"western, com.","Gene Wilder, Harrison Ford, Ramon Bieri, George DiCenzo, Leo Fuchs, William Smith, Jack Somack, Shay Duffin, Walter Janowitz, Joe Kapp, Clyde Kusatsu, Cliff Pellow, Allan Rich, Henry Rowland, Vincent Schiavellii, Steffen Zacharias, Brad Neufeld, Val Bisoglio, Paul Smith, ","Eda Merin, Beege Barkett, Penny Peyser, Heidi Stearns, Catherine Chase, ","B-. La première partie est poussive et peu inspirée, puis les personnages progressent et se découvrent réciproquement, et une certaine humanité optimiste se fait jour, ce qui fait du film (l'avant-dernier d'Aldrich) une sorte pierre blanche dans sa filmographie. Le tout s'avère finalement gentiment sympathique, mais l'humour général est globalement pitoyable et involontairement parodique.",Michael Elias + Frank Shaw
Twilight's last gleaming,Ultimatum des trois mercenaires (L'),ALDRICH Robert,1979 / USA - De,2 / Bavaria Film - Geria Prod. - Lorimar (Merv Adelson),dr. polit.,"Burt Lancaster, Charles Durning, Richard Widmark, Melvyn Douglas, Paul Winfield, Burt Young, Joseph Cotten, Roscoe Lee Browne, Richard Jaeckel, William Marshall, Gerald S. O.Loughlin, Simon Scott, Charles Aidman, Leif Erickson, Charles Mac Graw, William Smith, Bill Walker, David Baxt, Glenn Beck, Ed Bishop, Phil Brown, Gary Cockrell, Don Fellows, Weston Gavin, Garrick Hagon, David Healy, Bill Hootkins, Ray Jewers, Ron Lee, Robert Sherman, John Ratzenberger, Robert MacLeod, Lionel Murton, Robert O'Neil, Mark Russel, Rich Steber, ",,"Bon puis B+. Bon. Les multiples coupures, sensibles, plombent le film encore plus que la VF et une photo assez laide, comme souvent dans les derniers Aldrich. L'intérêt reste cependant assez constant dans la première partie, mais l'écran découpé dissout l'intérêt et le dynamisme du montage.
La version intégrale (50mn de plus que la version d'origine) a de l'envergure et de la matière : le scenario marque nettement les positions démocrates de Lancaster, M. Douglas et Aldrich, et prône une politique de transparence qui n'a pas plu aux producteurs... certainement le dernier bon fim d'Aldrich. Les vieux routiers de la distribution sont magnifiques, dont Durning en Président différent de la tradition hollywoodienne.",Ronald M. Cohen + Edward Huebsch
All the marbles,Deux filles au tapis,ALDRICH Robert,1981 / USA, / MGM (William Aldrich),com. sport.,"Peter Falk, Burt Young, Richard Jaeckel, Burt Young, Johgn Hancock, Lenny Montana, Charlie Dell, Cliff Emmich, Clyde Kusatu, Joe Greene, Jon Terry, Alvin Hammer, Stanley Brock, Chick Hearn, ","Vickie Frederic, Laurene Landon, Tracy Reed, Ursaline Bryant-King, Claudette Nevins, Karen McKay, Marlene Petrilli, Angela Aames, ",Bon.,Mel Frohman
Che fine a fatto Totò baby ?,,ALESSI Ottavio,1964 / I,PCM - Rizzoli (Lucciano Ercoli + Alberto Pugliese),com.,"Totò, Pietro de Vico, Mischa Auer, Stelvio Rosi, Mario Castellani, alvaroo Alvisi, Peppino De Martino, ","Ivy Holzer, Edy Biagetti, Alicia Brandet, Olimpia Cavalli, ","Bon. La comédie commence correctement puis oblique lentement et inexplicablement vers une sorte de pauvre décalque de ""What ever happened to Baby Jane"" (R. Aldrich, 1962). On y perd son latin, et ce n'est plus vraiment drôle. ",Ottavio Alessi + Bruno Cobucci + Giovanni Grimaldi
Synoikia to Oneiro,,ALEXANDRAKIS Alekos,1961 / Grèce,/ Elleniki Kinimatographi Paragogi ,dr.,"Alekos Alexandrakis, Manos Katrakis, Spyros Mousouris, Alekos Petsos, Sapfo Notara, Vasos Andronidis, Thanasis Mylonas, Kostas Baladimas, Giorgos Vlahopoulos, Labros Kotsiris, Tasos Dareios, Kostas Manioudakis, Andreas Voulgaris, Giorgos Tzortzis, Nikos Fermas, Grigoris Bithikotsis","Aliki Georgouli, Elektra Kalamidou, Aleka Paizi, Athanasia Moustaka, Gianna Olymbiou, Eva Evangelidou, Eleni Karpeta, ","B. Intéressant drame social situé dans le quartier d’Asyrmatos, alors banlieue d’Athènes. Le récit est noir et sans espoir, et les personnages sont croqués avec force et subtilité, comme la mise en scène. Le film, réalisé par un acteur de qualité, fut interdit par la censure grecque de l’époque et mérite une redécouverte, ne serait-ce que pour le situer par rapport au néo-réalisme italien.",Kostas Kotzias + Tasos Livaditis
Tinker Tailor Soldier Spy,Taupe (La),ALFREDSON Tomas,2011 / UK - F - De, / Studio Canal - Karla Films - Paradis Films - Kinowelt - Working Title,esp.,"Gary Oldman, Colin Forth, John Hurt, Mark Strong, Toby Jones, David Dencik, Benedict Cumberbatch, Tom Hardy, Stuart Graham, ","Svetlana Khodchenkova, AmandaFairbank-Hynes, ","Bon+. Beaucoup de prétentions sur un thème classique, mais on a l'impression qu'Alfredson veut faire l'oeuvre définitive du genre... c'est un échec, élégant, mais un échec. La reconstitution est assez solide, mais le scenario manoeuvre le téléspectateur avec des ficelles voyantes : sous-jeu concentré et emphatique des comédiens, 30"" entre chaque réplique pour en accentuer artificiellement la portée, des plans très artificiels (mais réussis : la séquence dialoguée sur le terrain d'atterissage).",Bridget O'Connor + Peter Straughan
Living desert,Désert vivant (Le),ALGAR James,1953 / USA, / Walt Disney,docu. animalier,,,B. A la réputation d'être outrageusement truqué (les scorpions dansant sur le Boléro de Ravel !),N. P. Kenworthy Jr. + R. H. Crandall
Sous les yeux d'Occident,,ALLÉGRET Marc,,,,,,,
Meilleure Bobonne (La),,ALLÉGRET Marc,1930 / F, / Etablissements Braunberger-Richebé,com. ,"Fernandel, Pierre Darteuil, ","Madeleine Guitry, Betty Spell, ",Bon+,André Mouézy-Éon
J'ai quelque chose à vous dire,,ALLÉGRET Marc,1930 / F,,com.,"Fernandel, Pierre Darteuil, ","Colette Clauday, Paulette Dubost",Bon+.,
Mam'zelle Nitouche,,ALLÉGRET Marc,1931 / F, / Vandorf Films-Ondra Lamac Film,com. ,"Raimu, André Alerme, Jean Rousselières, Geo Forster, Édouard Delmont, Anthony Gildès, Pierre darteuil, Michel Duran, Marcel Maupi, ","Janie Marèse, Alida Rouffe, Edith Méra, Andrée Lorrain, Edwige Feuillère, Suzy Leroy, Viviane Romance, ","BonB._x0015_
Asstt réal. : Claude Heymann + Yves Allégret",Hans H. Zerlett
Attaque nocturne,,ALLÉGRET Marc,1931 / F,,?,"Fernandel, Julien Carette, Émile Saint-Ober","Madeleine Guitry, Betty Spell, ",,Marc Allégret
Fanny,,ALLÉGRET Marc,1932 / F,2 / Marcel Pagnol-Ets Braunberger Richebé,com. dr.,"Raimu, Pierre Fresnay, Fernand Charpin, Robert Vattier, Maupi, Edouard Delmont, Rellys, Mihalesco, André Mouriès, Pierre Prévert, Giovanni, Louis Boulle, ","Orane Demazis, Milly Mathis, Alida Rouffe, Annie Toinon, Odette Roger, ",TB. puis B+. _x0015_,Marcel Pagnol
Lac aux dames,,ALLÉGRET Marc,1934 / F, / Sopra,com. dr.,"Jean-Pierre Aumont, Michel Simon, Vladimir Sokoloff, Paul Asselin, Romain Bouquet, Maurice Rémy, Eugène Dumas, Michel Simon, Anthony Gildès, ","Rosine Deréan, Simone Simon, Odette Joyeux, Illa Meery, Maroulka, Marie Deschamps, Germaine Reuver, Milly Mathis, ",TB.,Jean-Georges Auriol_x0015_Dial. : Colette
Hôtel du Libre Échange (L'),,ALLÉGRET Marc,1934 / F, / Or Films,com.,"Fernandel, Raymond Cordy, Saturnin Fabre, Pierre Larquey, Pierre Palau, André Alerme, Geo Lastry, Raymond Galle, Marcel Duhamel, Raymond Bussières, Alexandre Trauner, Serge Grave, Jacques Prévert, Lou Bonin, Paul Grimault, Anthony Gildès, Jacques Brunius, ","Mona Lys, Marion Delbo, Olga Muriel, Ginette leclerc, Simone Dulac, Claire Gérard, ","Bon+. La pièce a l'air assez faible, et s'avère assez ennuyeuse, recourant à des procédés comiques simplistes, mais la fin nage dans un certain délire assez drôle. Fabre et Palau sont formidables.",Pierre Prévert + Marc Allégret
Aventure à Paris,,ALLÉGRET Marc,1936 / F, / Prod. André Daven,com.,"Lucien Baroux, Jules Berry, Robert Seller, Julien Carette, Chaz Chase, Floyd du Pont, Robert Vattier, Robert Ozanne, Philipppe Janvier, Jacques Scey, Doumet, Marc-Hély, Georges Bever, Abel Jacquin, Lucien Callamand, ","Danioèle Parola, Arletty, Germaine Aussey, Alsonia, France Aubert, May Frncine, Gisèle Préville, ","B-. Plaisante comédie de moeurs, très parisienne, au scénario d'une grande légèreté (dans tous les sens du terme...) ; cette minceur est largement compensée par la qualité du tandem Baroux-Berry, qui s'amusent, et les comparses féminins, charmants. La direction d'Allégret est discrète mais efficace.",Henri Falk
Gribouille,,ALLÉGRET Marc,1937 / F, / A. C. E.,dr.,"Raimu, Jean Worms, Julien Carette, Andrex, Bernard Blier, Gilbert Gil, Marcel André, Jacques Grétillat, Jacques Baumer, René Bergeron, André Siméon, Nicolas Rimsky, Geo Lecomte, René Génin, Pierre Labry, Bernard Blier, Roger Caccia, ","Michèle Morgan, Pauline Carton, Jacqueline Pacaud, Oléo, Jenny Carol, Jeanne Provost, Lyne Clevers, ",B.,Marcel Achard_x0015_Adapt. : H. G. Lustig
Dame de Malacca (La),,ALLÉGRET Marc,1937 / F, / Armand Léon + Jean Huet,com. dr.,"Pierre-Richard Wilm, Jean Debucourt, Jacques Copeau, Jean Wall, Ky-Duyen, William Aguet, Alexandre Mihalesco, René Bergeron, Robert Ozanne, René Fleur, Bernard Blier, ","Edwige Feuillère, Gabrielle Dorziat, Betty Daussmond, Liliane Lesaffre, Foun-Sen, Magdeleine Bérubet, Charlotte Clasis, Marthe Mellot, Michèle Lahaye, Colatte Proust, ",Bon. B.,H. G. Lustig + Claude-André Puget
Orage,,ALLÉGRET Marc,1937 / F, / André Daven,dr.,"Charles Boyer, Jean-Louis Barrault, Robert Manuel, René Génin, Jean Joffre, Pally, Pons, Georges Vitray, Jean Hughes, Paul Faivre, Léon Arvel, Michel Vitold, Lucien Walter, Georges Clarins, René Alié, Jean Buquet, André Siméon, Fred Mariotti, Jacques Vitry, Grégoie Chabas, Paul Forget, Albert Montigny, Claude Marty, Robert Darène, Claude Roy, Jacques Mattler, Bernard Lajarrige, ","Michel Morgan, Lisette Lanvin, Jane Lory, Charlotte Barbier-Krauss, Denise Pezzani, Françoise Brienne, Elisa Ruis, Janine Darcey, Françoise Noël, ",B.,Marcel Achard + H. G. Lustig
Entrée des artistes,,ALLÉGRET Marc,1938 / F,3 / Régina,pol.,"Louis Jouvet, Claude Dauphin, Marcel Dalio, Julien Carette, André Brunot, Bernard Blier, Roger Blin, Robert Pizani, André Roussin, Noël Roquevert, Henri Busquet, Paul Escoffier, Michel Vitold, Yves Brainville, Georges Pally, Marcel Lupovici, Roland Piétri, Albert Broquin, Dennery, Titys, Paul Delauzac, Jacques Jansen, Robert Moor, Paul Marcel, ","Odette Joyeux, Sylvie, Madeleine Lambert, Nina Sinclair, Madeleine Geoffroy, Mady Made, Madeleine Lambert, Babita Sauren, Gabrielle Fontan, Odette Talazac, Gaby Andreu, Hélène Dassonville, Jacqueline Valois, Louise Fouquet, Dora Doll, Denise Berley, Josette Daydé, Made Siamé, Jacqueline Ravel, Paula Dehelly, Sanda Dancovici, Marcelle Monthil, ",B.TB?. puis Bon.,A. Jeanson + André Cayatte_x0015_Dial. : A. Jeanson
Parade en sept nuits,,ALLÉGRET Marc,1941 / F, / Pathé,"com. dr., film à sketches","Jules Berry, Victor Boucher, André Lefaur, Raimu, Alcover, Andrx, Jean-Louis Barrault, Louis Jourdan, Jean Marconi, Daniel Mendaille, Noël Roquevert, Julien Carette, Édouard Delmont, Maupi, jules Blavette, ","Elvire Popesco, Micheline Presle, Gaby Andreu, Janine Darcey, Maximilienne, Miuilly Mathis, Marguerite Pierry, ","Bon. Le scenario à tiroirs est faible et sans inspiration ; on s'ennuie ferme et le seul réconfort vient des acteurs dans leurs numéros. Le sketch avec Raimu est le seul qui retient un peu l'attention, réunissant les comparses croisés 9 ans plus tôt dans ""Fanny"" d'après Pagnol. La seule originalité tient dans l'idée prétexte : des chiens dans un chenil écoutent les aventures des maîtres successifs de l'un d'eux, avec lequel Carette s'enfuit de la fourrière pour lui éviter de se faire piquer.",
Arlésienne (L'),,ALLÉGRET Marc,1941 / F, / Films Imperia ,dr.,"Raimu, Louis Jourdan, Édouard Delmont, Fernand Charpin, Marcel Maupi, Henri Poupon, Charles Moulin, Charblay, Roland Pégurier, Toinon, ","Gaby Morlay, Giselle Pascal, Germaine Gerlata, ","Bon-. Mauvais pavé mélodramatique et vieillot, sans intérêt. La photo et les paysages de Camargue de l'époque sont intéressants, mais le cabotinage de Raimu n'accroche pas.",Marcel Achard
Pétrus,,ALLÉGRET Marc,1946 / F, / Films Imperia ,"com. dr., pol.","Fernandel, Marcel Dalio, Pierre Brasseur, Jean Fleur, François Deschamps, Émile Riandrey, Jean-Roger Caussimon, Leibowitch, Georges Pally, Lacloche, Dimeray, Abel Jacquin, Guy Fournier, Nicolas Vogel","Simone Sylvestre,  Simone Simon, Corinne Calvet, Liliane Robin, Dominique Brevan, Christine Ghil, Melle Guillaumin, Jane Marken,Cora Camoin, Gabrielle Fontan, Lucienne Rengnac, Micheline Robert","Bon+. Fernandel joue son rôle habituel de brave benêt dans cette comédie dramatique vaguement policière et tout aussi vaguement sentimentale. On retrouve tous les clichés de l'époque, moins les éventuelles traces de la guerre, et l'invention ne domine pas. Les dialogues d'Achard (d'après sa pièce) amusent quelquefois, et on regarde avec plaisir tous les cabotins faire leurs numéros, y compris S. Simon, mais c'est un peu court... Corinne Calvet fait ici ses premiers essais avant de se voir proposé Hollywood.","Marcel Achard + Marc Allégret + Marcel Rivet
Dial. : Marcel Achard"
Blanche Fury,Jusqu'à ce que mort s'ensuive,ALLÉGRET Marc,1947 / UK, / Rank / Cineguild (Anthony Havelock-Allan,dr.,"Stewart Granger (Philip Thorn), Michael Gough (Laurence Fury), Walter Fitzgerald (Simon Fury), Maurice Denham (Major Fraser), Ernest Jay (Solicitor Calamy), Townsend Whitling (Banks), J.H. Roberts (doctor), Allan Jeayes (Mr. Weatherby), Edward Lexy (Colonel Jenkins), Arthur Wontner (Lord Rudford), George Woodbridge (Aimes), Lionel Grose (Jordon), Bryan Herbert (Elliot), Norman Pierce (coroner), Wilfrid Caithness (clerk of court), James Dale (judge), Cecil Ramage (prosecuting counsel), David Ward (first clerk), Sidney Benson (second clerk), M.E. Clifton James (prison Governor), Michael Brennan (farmer), Charles Saynor (second farmer), Alexander Field (third farmer), Roy Arthur (assessor), Derek Birch (judge's clerk),  Lance George (jury foreman), R.W. Haddow (Sir Richard Waterson), Roddy Hughes (master of ceremonies), John Marquand (footman), Hilary Pritchard (court usher)"," Valerie Hobson (Blanche Fury), Susanne Gibbs (Lavinia), Sybille Binder (Louisa), Amy Veness (Mrs. Winterbourne), Cherry London (Molly), Margaret Withers (Mrs. Hawkes), Marie Ault (old gypsy woman), Vivien Dillon (servant),","B._x0015_
Asstt réal. : George Pollock",Audrey Lindop + Cecil McGivern_x0015_Dial. : Hugh Mills
En effeuillant la marguerite,,ALLÉGRET Marc,1956 / F, / Films EGE-Hoche Prod.,com.,"Daniel Gélin, Robert Hirsch, Darry Cowl, Jacques Dumesnil, Misha Auer, Jacques Jouanneau, Georges Chamarat, Mauricet, Yves-Marie Maurin, Patrick Maurin (=Dewaere), Henri Garcin, Jean-Loup Philippe, Michel Constantin, Marc Eyraud, Jacques Fervil, Charles Bouillaud, Jean Degrave, Lucien Desagneaux, Charles Bayard, Roger Vincent, Marcel Loche, ","Brigitte Bardot, Madeleine Barbulée, Luciana Paoluzzi, Nadine Tallier, Françoise Arnoul, Anne Collette, Gabrielle Fontan, Madeleine Ganne, Catherine Candida, Monique Vita, Jacqueline Warin, ",Bon+B.,William Benjamin_x0015_ + Marc Allégret + Roger Vadim
Sois belle et tais-toi,,ALLÉGRET Marc,1958 / F, / Films E.G.E (Raymond Eger),com. pol.,"Henri Vidal, René Lefèvre, Alain Delon, Jean-Paul Belmondo, Darry Cowl, Robert Dalban, Roger Hanin, François Darbon, Robert Bazil, André Thorent, Marcel Bernier, Charles Bouillaud, Henri Coutet, Lucien Desagneaux, Guy Henry, Jean Juillard, Roger Legris, Jean Minisini, Bernard Musson, André Philip, Jacques Seiler","Mylène Demongeot, Béatrice Altariba, Anne Collette, Gabrielle Fontan, Nicole Jonesco, Suzanne Nivette, ","Bon+B-. Une comédie policière assez alerte et plaisante, un peu à mi-chemin entre la qualité France des années 50 et la liberté à venir de la Nouvelle Vague... Delon et Belmondo dans leur premier rôles côte à côte, une Demongeot piquante, un petit suspense, une jolie mise en scène, et un D. Cowl tordant.
Asstt réal. : Pascal Jardin","Marc Allégret + William Benjamin
Adapt. : Marc Allégret + Odette Joyeux + Gabriel Arout + Jean Marsan + Roger Vadim
Dial. : Jean Marsan"
Abominable homme des douanes (L'),,ALLÉGRET Marc,1963 / F, / Films EGE (,com. pol.,"Darry Cowl, Pierre Brasseur, Francis Blanche, Marcel Dalio, Moustache, Serge Marquand, Nicolas Vogel, André Badin, Jacques Bertrand, Pierre Duncan, Jacques Hilling, Christian Lude, Christian Marin, ","Tania Béryl, Joëlle Latour, ","Bon+. Le petit nanar français des années 60, avec la troupe habituelle (Blanche est le meilleur du lot), et quelques modestes petites drôleries. On se demande ce que le cadet des frères Prévert apporte à l'entreprise, et la réalisation d'Allégret n'est pas non plus remarquable. ",Claude Choublier + Pierre Prévert
Démons de l'aube (Les),,ALLÉGRET Yves,,,,,,,
Orgueilleux (Les),,ALLÉGRET Yves,,,,,,,
DÉDÉE d'ANVERS,,ALLÉGRET Yves,1947 / F,,,,,,
Manèges,,ALLÉGRET Yves,1949 / F, / Films Modernes-Discina,dr. ,"Bernard Blier, Frank Villard, Jacques Baumer, Jean Ozenne, Gabriel Gobin, Fernand Rauzéna, Jean Hébey, Pierre Naugier, Alain Debrus, Jacques Harden, Pierre Leproux, Maurice Derville, ","Simone Signoret, Jane Marken, Laure Diana, Mona Dol, Gisèle François, Diana Bel, Yvonne Rozil, ",B.TB.,Jacques Sigurd
Orgueilleux (Les),,ALLÉGRET Yves,1953 / F - Mexique, / CICC-Reforma Films -Chrysaor Films,dr.,"Gérard Philippe, Carlos Lopez Moctezuma, Victor Manuel, André Toffel, Arturo Soto Rangel, Jaime Fernandez, ","Michèle Morgan, Michèle Cordoue, ",B.,Jean Aurenche + Jean Clouzot + Pierre Bost
OASIS,,ALLÉGRET Yves,1954 / F,,av.,Pierre Brasseur,Michèle Morgan,,
MEILLEURE PART (La),,ALLÉGRET Yves,1955 / F - I,,,,,,
Quand la femme s'en mêle,,ALLÉGRET Yves,1957 / F-I, / Regina-Royal,pol.,"Jean Servais, Bernard Blier, Jean Debucourt, Alain Delon, Jean Lefebvre, Yves Deniaud, Jess Hahn, Michel Jourdan, Pierre Mondy, Bruno Crémer, Henri Cogan, Alain Nobis, Jean-Marie Serreau, Bruno Balp, Henri Coutet, ","Edwige Feuillère, Sophie Daumier, Pascale Roberts, Madeleine Barbulée, Anne-Marie Mersen, Annie Darnis,","Bon+B-. Une séquence de début brillante et percutante, mais le reste est malheureusement moins bien tenu, même si les dialogues tiennent la route tout au long. Une plus grande noirceur aurait été bien plus intéressante, mais l'ensemble garde un certain intérêt historique (c'est probablement une date dans la représentation des truands dans ce monde en évolution des années pré-60) et social.",Charles Spaak + Jean Meckert
Avalanche,Avalanche,ALLEN Corey,1978 / USA, / NewWorld (Roger Corman),av.,"Rock Hudson, Robert Forster, Rick Moses, Steve Franken, Barry Primus, Jerry Douglas, Antony Carbone, Joby Baker, X. Brands, John Cathey, Angelo Lamonea, ","Mia Farrow, Jeanette Nolan, Cathey Paine, Peggy Browne, Pat Egan, Cindy Luedke, ",Bon.,Claude Pola + Corey Allen
Ride him cowboy,,ALLEN Fred,1932 / USA, / WR / Four star (Leon Schlesinger),western,"John Wayne, Henry B. Walthall, Harry Gribbon, Otiis Harlan, Charles Sellon, Frank Hagney, Duyke the devil horse, ","Ruth Hall, ","Bon. La série produite par Four star n'est finalement pas sensiblement meilleure que les Monogram à venir ; peut-être lui reconnaîtra-t-on un scenario ici un peu moins niais... _x0015_
Remake de ""The unknown cavalier"" avec Ken Maynard (1926)",Scott Mason
Beyond the Rockies,,ALLEN Fred,1932 / USA, / RKO Pathé (David O. Selznick),western,"Tom Keene, Julian Rivero, Ernie Adams, Hank Bell, William Welsh, Tom London, Ted Adams, Harry Bowen, Edxard Burns, Ben Corbett, ","Rochelle Hudson, Marie Wells,","Bon. Une histoire de singing cowboy, en vérité Deputy marshall, sans aucun intérêt. Totalement pas écrit ni dirigé, avec un héros sans charisme. On peut à la rigueur retenir un plan intéressant (la mort d’un cowboy en vue subjective, par un flou soudain) et une idée drôle : le pilier de saloon qui déplace la machine à sous pour que durant une bagarre les protagonistes la bousculent et la déclenchent... c’est trop peu quand même, même si tout (ou presque) est tourné dans les Alabama Hills !
Casc. : Yakima Canutt",Oliver Drake
Slaughter trail,,ALLEN Irving,1951 / USA, / RKO / Justal Prod (Irving Allen),western,"Brian Donlevy, Gig Young, Andy Devine, Robert Hutton, Terry Gilkyson, Lew Bedell, Myron Healey, Emmett Lynn, ","Virginia Grey, Robin Fletcher, Lois Hall, Jody Gilbert, ","Bon+B-. Une série B et un curiosité assez intéressante : le récit est commenté en permanence par des chansons (joliment chantées d'ailleurs) qui annoncent ou doublent l'action, à la manière d'un choeur antique. Par contre, le scenario et la réalisation sont d'une grande banalité, se fondant sur des stock-shots où les raccords de paysage sont piétinés sans vergogne ! Autre curiosité, l'absence de Howard Da Silva, originellement héros du film, remplacé complètement (tous les plans ont été retournés) par Donlevy sur une décision de Howard Hughes, après la dénonciation de Da Silva comme sympathisant communiste auprès de la Commision des activités anti-américaines !!!",Sid Kuller
Lost world (The),Monde perdu (Le),ALLEN Irwin,1960 / USA, / Fox- Saratoga (Irwin Allen),av. fantast.,"Michael Rennie, Claude Rains, David Hedison, Fernando Lamas, Richard Haydn, Ray Stricklyn, Jay Novello, Ian Wolfe, Colin Campbell, Larry Chance, Don Forbes, John Graham, ","Jill Saint-John, Vitina Marcus, ",Bon.,I. Allen + Charles Bennett
